,neighbourhood_cleansed,review_scores_rating
0,Bijlmer-Centrum,95.0
1,Bijlmer-Oost,94.0
2,Bos en Lommer,97.0
3,Buitenveldert - Zuidas,95.0
4,Centrum-Oost,97.0
5,Centrum-West,96.0
6,De Aker - Nieuw Sloten,97.0
7,De Baarsjes - Oud-West,97.0
8,De Pijp - Rivierenbuurt,97.0
9,Gaasperdam - Driemond,95.5
10,Geuzenveld - Slotermeer,95.0
11,IJburg - Zeeburgereiland,97.0
12,Noord-Oost,96.0
13,Noord-West,96.5
14,Oostelijk Havengebied - Indische Buurt,97.0
15,Osdorp,95.0
16,Oud-Noord,96.0
17,Oud-Oost,97.0
18,Slotervaart,97.0
19,Watergraafsmeer,97.0
20,Westerpark,97.0
21,Zuid,98.0
