,neighbourhood_cleansed,price
0,Bijlmer-Centrum,75.0
1,Bijlmer-Oost,69.5
2,Bos en Lommer,100.0
3,Buitenveldert - Zuidas,105.0
4,Centrum-Oost,150.0
5,Centrum-West,150.0
6,De Aker - Nieuw Sloten,89.0
7,De Baarsjes - Oud-West,125.0
8,De Pijp - Rivierenbuurt,135.0
9,Gaasperdam - Driemond,72.0
10,Geuzenveld - Slotermeer,100.0
11,IJburg - Zeeburgereiland,137.0
12,Noord-Oost,100.0
13,Noord-West,103.0
14,Oostelijk Havengebied - Indische Buurt,109.5
15,Osdorp,80.0
16,Oud-Noord,120.0
17,Oud-Oost,123.0
18,Slotervaart,100.0
19,Watergraafsmeer,120.0
20,Westerpark,120.0
21,Zuid,130.0
